Name,Stellar Address,Feature Used,Rating,Feedback
"Andrew Thompson","G7X7DX66FU4U5MF2E3ERZ7T57P5G5JOVZOD5O4BH5RJUTEVA64RBEBGG","Anchor Deposit",4,"Bot notifications are super fast, but would love more detailed transaction history."
"Andrew Martin","G4BTJXEKKZ6SM4676I5NGWBQDOGYN5ZKX3QKAXTIHPLZE6U57HZ27VRW","Anchor Deposit",4,"The Anchor deposit is convenient but sometimes the webhook is delayed."
"Maria Taylor","GVUASA7Z7AZUVSGCAPRQHWW2SLTDN53VSW4J54O7BJI3WJICFZ4DI2TY","Anchor Deposit",4,"The Anchor deposit is convenient but sometimes the webhook is delayed."
"Mia Hernandez","GQ7TAT3XNOBF3LIR3CGH5A3OPRM4B74EDHMCO26SWLQCOZP6AANYSX64","Anchor Deposit",5,"Love how easy it is to track my Stellar balance right from Telegram!"
"Daniel Hernandez","GIJQUZMWPS6VKNGTPYBANIC4RBYRMQYCSBUPZ7LIY7AMAOPEUNZL6R7R","AutoPay",5,"Great product! Mainnet works perfectly, fees are low."
"Emily Lee","GMJTY4YVW4D3JII7IJUDFBETPPBUFIAHZCWIRWONNO5ERNJJOAWB2WC5","Multisig",4,"I'd love to see Soroban smart contract support in the UI."
"Alex White","G6UX6NCJ7BJBMWGEWJITKHB5UEG6RVM625OJIWQF7JA3UQDITWEF7GT5","Send XLM",4,"Works well for cross-border payments test."
"Sarah Johnson","GEJLDTG2EJ3T5RXINKWLNSYYD4P7VVOF5E7FFSCQISK5WQJSLXYT7QEV","AutoPay",4,"I wish there was an option to export all my data directly from Telegram."
"Alex Lee","G4PJAYR7DEINXTG5QIZ3F2GNQ6GVXHCJOTMYQQZFAJQICHB72O2FXIZW","Anchor Deposit",4,"I wish there was an option to export all my data directly from Telegram."
"Sophia Davis","G52CDOBNKADGDN6RK4QEI6NGSVEOZDNWZPFJLV52D3NOIYBDOYDDKDCU","Anchor Withdraw",5,"Nice UI on the dashboard. The metrics are really helpful."
"Sarah Hernandez","G2J5VDRNEOTEDWCBCZS2CKS44BMPKMCPVC4OCREI3PVQIE3DZQ4IBWZB","Balance Check",5,"Amazing builder challenge project, good luck!"
"David Lopez","GFW73XAOITVJT3RCGXFZOY64A2DQZMDSSTQE67HBDW6HGQJPFDUAJMSY","Anchor Withdraw",5,"The Anchor deposit is convenient but sometimes the webhook is delayed."
"Paul Harris","G6H4D2DT76XPEDEN3B5K7UG6LHQMQOEHR7BRTIZCZPGXOW6QKI2AXRO5","Multisig",4,"Very secure, but I hope to see more assets supported."
"Brian Ramirez","G46YX32OUQFLSQ4IGHPAAIVTLFDUHTVMMJJP5LI54P7RS4OM5GN5RGMN","Notifications",4,"Very secure, but I hope to see more assets supported."
"Emma Lopez","GSTNVVGCAUB65EZIMGCKADKSGLCMWCUUFFSNFI4I42A6JG6AURKAEJ46","Balance Check",4,"StellrFlow is my new go-to for sending XLM to friends."
"Charlotte Anderson","G5IITNB6XBKN42S4E6SKDJWK6C5EG4IHTTZTU47UVATHBCW6SYBXN7IZ","Anchor Deposit",4,"I'd love to see Soroban smart contract support in the UI."
"Isabella Harris","G67ZPWGKPM4IJAYM7TWXEKB2M3JVJLOYOCABHQI5JNWCYQMEYYUOT2ER","AutoPay",5,"Very secure, but I hope to see more assets supported."
"Mark Perez","G5DZF2XCS24NA3YAAQSG6HXYO5WRASR22AXBARX2Q3TNPLQZHMSGT6K4","Anchor Deposit",4,"The Anchor deposit is convenient but sometimes the webhook is delayed."
"Daniel Wilson","GAIVJFHEXVLFBIX6YFSGJN6XDAWNXLOVU5H7RPS3PPZKMHKVRRZ6LCRD","Balance Check",5,"Nice UI on the dashboard. The metrics are really helpful."
"Mark Robinson","G2MUYM6U2SL6CS3SQ23E3W5DAZOLAVODZVNS47Q5EVNJ4JPF2HDHNMCH","Anchor Deposit",5,"Love how easy it is to track my Stellar balance right from Telegram!"
"Chloe Rodriguez","GHUZXODYH2TBJYN2RANBGTZUN3C7QJEWDMPSUQHFO6IA5DQCUCPPUGUI","Balance Check",4,"The auto-pay feature saved me so much time for my monthly subscriptions."
"Sarah Harris","GVFHC4554FPVKNZKXZE243XSWWZDVVQDQV5YUHJDZJLOCEZHUX3AHP4J","Anchor Deposit",5,"Multisig setup was a breeze. Really great for my DAO."
"Alex Brown","GGGHE3JCSWJFL53WEZR46AYQZPVZSS42YK3I6Z7PEN5TLIFBSZX3GBCZ","AutoPay",5,"Multisig setup was a breeze. Really great for my DAO."
"Emma Lopez","GTW53GBZXQ32IM7AU3UFFH5G354RMB3MXUWGLXCROEDRHE7CARYHUQWA","Anchor Deposit",5,"Bot notifications are super fast, but would love more detailed transaction history."
"Chloe Robinson","GI6L6RTYUIUGY55G4XYZYGFUSXTMIPN5CRX2WNCUWQG74DIHAE4PCHFA","Balance Check",4,"Super intuitive! I onboarded my family to Stellar using this bot."
"Alex Lopez","GYEVP2VKCOEPCBOXKWYMY2DRHGHW4XPLUGYGEYJ66PBMPOV2PA3KX3K3","Balance Check",5,"Love how easy it is to track my Stellar balance right from Telegram!"
"Brian Davis","GI6HDT4XCJGMQUN6UWS6RYYXPLDY2QC2FCVRZ2WBS3GCKH4VFXGAAMR5","AutoPay",4,"Bot notifications are super fast, but would love more detailed transaction history."
"William White","GLEIZSJ42A5KT536EK45JDIPJR3TFIZNREP7SU4H57P52NJIRJEVI5XC","Send XLM",5,"Super intuitive! I onboarded my family to Stellar using this bot."
"Mia Rodriguez","GLOLD5OZ3JIBBGIGVAPUAUJWGYIXKWM5LMHTKCFTFPWJHTLRM5XDN2JR","Anchor Deposit",5,"Super intuitive! I onboarded my family to Stellar using this bot."
"Brian Jones","GXV5ROMTTGHOHVLVLDVIB74K2ZW36OA2LL2SCFHI6KRVVCPNYOS5XABA","Anchor Withdraw",4,"Super intuitive! I onboarded my family to Stellar using this bot."
"Kevin Hernandez","G4D7CWKWMHUGZVEKNM462DKZZHNR5PKIRJCQVMK67TDUSE72PICSRVDE","Multisig",4,"Bot notifications are super fast, but would love more detailed transaction history."
"Alex Gonzalez","GIKUNFDDGJPCQBKEUASK7H3OAFXVHZCRVGVHONCBC5ZIEKY2EGINFOAD","Notifications",5,"Great product! Mainnet works perfectly, fees are low."
"Sophia Jones","GZY3PP7HUKAU3RSRHPTEOORGB6PKSYWFRA62NGKSOVTVAP3ZYHY6RNW3","Notifications",5,"StellrFlow is my new go-to for sending XLM to friends."
"Robert Williams","GX73AXDG2NZTUILGZOJF4SBJYSGTHMVXKQRO2KYBMSMLA5LFUU7DTWMQ","Anchor Deposit",4,"Works well for cross-border payments test."
"Andrew Brown","GUKH2VZJF2Q5XTBA3XC5KSPRNF2CV6JVN2SN4ETQTWTKT5IRKMLYQG2H","Anchor Deposit",5,"Multisig setup was a breeze. Really great for my DAO."
"Michael Wilson","GUCIAEKIXKSNUJIVISVD7JIRTGPFOKGSVZWGPXZ3D7CDZWKDTRQ55FVR","Send XLM",4,"Love how easy it is to track my Stellar balance right from Telegram!"
"Paul Miller","GA3HUQTRNJQFXOGG3U4XBLUK3SWTE3UVJD6YD2SGPGDNTVA4YGYWRNJK","Anchor Deposit",4,"Nice UI on the dashboard. The metrics are really helpful."
"Emily Gonzalez","GW5TBMZI7GMFRPYPDZOPGDLD5G46JIBD7G6KJWFU2M76IE67LUPHIXXX","Anchor Deposit",5,"StellrFlow is my new go-to for sending XLM to friends."
"Paul Moore","GE7S73APCKF4E6YE2PUOBE6HBTR2EX5ZAHM4CP5XUVE4FCW3QYIA5Z62","Send XLM",4,"The Anchor deposit is convenient but sometimes the webhook is delayed."
"James Thomas","GBGCIVQ36K4MTQBXVFSFT2BICF4TY4WNCNZ63RYZ5TFHU45GZTXWF37A","Notifications",5,"I'd love to see Soroban smart contract support in the UI."
"Michael Martin","G5B5HFIP6BZHDNA2IZACJ3CS4XCHY6JGFIS6KI7FLWCPVN2HP4GO5OPU","Multisig",4,"Very secure, but I hope to see more assets supported."
"Lisa Martinez","GAI6W7VWALSRGRAP7BTSP6UTSMKRJ4ODHPI6SR4B3RJY3TXVWO3VT4RM","Balance Check",5,"Very secure, but I hope to see more assets supported."
"Steven Brown","G4L7GBSQ7ZR3CZQFB7HQTXH3XLQRP6PJF4526USEOYJW4BEXBE6TNXUP","Balance Check",5,"Super intuitive! I onboarded my family to Stellar using this bot."
"Charlotte Gonzalez","G7CZQ7HEQCQMGV4RFN63DSS62H5LEWVG2IKPDLLHULFQZPPJNAKCK5AQ","AutoPay",5,"StellrFlow is my new go-to for sending XLM to friends."
"Sarah Hernandez","GMV6E7MQ26QPUJGOKM6BWJJ46IBPKLRE2W56BUUQRSQ4DSF6A3IQI2TF","Multisig",5,"Multisig setup was a breeze. Really great for my DAO."
"Chris Jones","GJ6KI4PCQ2Z75FHZYD5B3YG23UXU3JKY3JV2N233LP523YQMFG5I3KIT","Anchor Withdraw",4,"The Anchor deposit is convenient but sometimes the webhook is delayed."
"Olivia Lee","G4YZ3ILY5NVJY6MXAMTNYK2S7ERCKUOXY3P6YGMWH7V7DET7PAGXV3SH","Anchor Withdraw",5,"I'd love to see Soroban smart contract support in the UI."
"Kevin Lopez","GYWNLZA45A5TTHQA5EFAT7EGFKJS5O4XZHFAHIRY45432PKQDLVMZUDB","AutoPay",4,"Multisig setup was a breeze. Really great for my DAO."
"Steven Jackson","GVRZXC6FAEZQCNQQ4RFE2GW646VOZ63CP7NURKLE4DZRWZKI5RKQ7NMS","Balance Check",4,"Bot notifications are super fast, but would love more detailed transaction history."
"Paul Thompson","GSJKRF3ECO2A3LVDGYPZGWSKHY6VE2KJK2I5JTPB3M5MFAEKOXLRLTCK","AutoPay",4,"Nice UI on the dashboard. The metrics are really helpful."
"Elena Jackson","GUWMQ5HJVWLACF6O2K7Y7XRG5JJSI6SF7BX4NULOT67JUZAR6D4NHJRG","Balance Check",4,"Works well for cross-border payments test."
"Mia Harris","GB5XWOFSBNZAF55LZQAY6LKQZ4TT4TDN3CT63ZKG6PSTHB2YIBBWODPN","Anchor Withdraw",4,"Very secure, but I hope to see more assets supported."
"Elena Ramirez","G6OEQTLFS3ZVFTGGFYVKT7ZD6WI4BPOCGL65MPF7P6PD2JPO2QRDCEOU","Notifications",5,"StellrFlow is my new go-to for sending XLM to friends."
"Paul Davis","GPE5QVGUFVUKDEG2HL3PAG6Z55WCBTH7ZA3TMDWBT2VA4R6HHNLKX2G4","AutoPay",4,"Amazing builder challenge project, good luck!"
"Kevin Jones","GAKQVCJRKOBBMKFCBUZUTRXL357XQTPBWJJKA73PQHBSSUXHUVMZWKYN","AutoPay",5,"Bot notifications are super fast, but would love more detailed transaction history."
