Name,Email,Wallet Address,Product Rating (1-5),Feedback
Sophia Hernandez,sophia.hernandez11@example.com,GRRZWOIE7BPNQMLGNBBHPEOWSDXB3DHBPIFORU4BPKKTYNR5KG2TE7ZX,5,Really like the metrics dashboard.
Aiden Thompson,aiden.thompson11@example.com,GGI2NOGUPNTFAT4ILUQ34NLX2IALC4HJQXIDF3OHWARFYNPRIAZPM3FG,4,Saved me so much time with automated payouts.
Daniel Wilson,daniel.wilson28@example.com,GQ3WUB4SANLGQ6QS5EZN5MBIJ774L2LADNNBT36T47YUWACIMOP4J3XF,5,Used the fee sponsor feature and it worked flawlessly on mainnet!
Emily Smith,emily.smith26@example.com,GOQE7QUEA3CMFUAZ523IJFA6M7WFSPBIKGUFT4SGYYYXSW7LBXIX7KXD,5,No issues with the mainnet rollout.
Charlotte Rodriguez,charlotte.rodriguez78@example.com,GYNSECYBIYV4T6XEN4OADIBUQLSM44KUJIXBLAOSERX3Q7EP3S4ZYHNA,4,"The UI is cleaner now, good job."
Alexander Moore,alexander.moore39@example.com,GF56BEWP2W6P6ZWVGY5SUYJXIGH7KRB34HXE3J3EGX3TTFBU3536QZS2,4,Really like the metrics dashboard.
Aiden Brown,aiden.brown41@example.com,GPR57OKSZYVTM4SP6LEC667M72DUWEBPE2NMDJJW7TV35USNUJTGCGJK,5,Bot execution is super fast.
Ethan Martin,ethan.martin68@example.com,GFD2JSAF524GRPYUQCU4UPDOMX4K6OAXCF24NIT6MDA26F236UV7BP66,5,Bot execution is super fast.
Benjamin Davis,benjamin.davis53@example.com,GE6V3CIPBHW7LK2GTZXP3D6QOK3W7GAHZRNWTXCC33VSP2DJRCQWANJ2,4,Gasless transactions are the future.
Evelyn Smith,evelyn.smith69@example.com,GGGFVBHK3YUSO6UFTETG6BCYCL34Q2HG2MP5FQWBXEI2ZPVZBB4MR54Z,4,So glad this is on mainnet now.
Abigail Martinez,abigail.martinez78@example.com,GLTDWMFPKAGWYOCUFDIX667463SAIIK2QUQMS7JAYLNM4LQF2YVGF5PF,5,Gasless transactions are the future.
Emma Davis,emma.davis11@example.com,GVWNBNPPAXIJQ2JZV6QUQC2NBIDXTWLRYVUJLF6Y6ZZ6XGCCQZ46HVCW,5,Really like the metrics dashboard.
Jacob Anderson,jacob.anderson41@example.com,GPQYFS6HQH34MYCKFQ262HCNVDF2IHVKZDBU5ZHSMY7S2Q43B6VUDMAZ,4,So glad this is on mainnet now.
Abigail Perez,abigail.perez66@example.com,GPYQIRAIXOSMHJOWEVNKGWPVYMIU4MZ37AKRSIS777X2POF6JDG6CPRU,5,Really like the metrics dashboard.
Evelyn White,evelyn.white15@example.com,GGB2SK5Z4VLAIWOWGCYGV2BSPGOMBY3A5GXD3B4LHGGOKFULVJAVRFPE,5,No issues with the mainnet rollout.
Aiden Lee,aiden.lee43@example.com,GUHNIFIMXWLTJSA4KMCEMG5BNHAAPE3OY5CYI73AAUVEH6HZ2JRI6XJB,5,Really like the metrics dashboard.
Olivia Anderson,olivia.anderson79@example.com,GEW7JKTBHJA4RUTWDVOM2KMK6IHNB42LOOIQHIUQ3DYUG7DCQR2CZXWE,5,Connected my Freighter wallet easily.
Elijah Smith,elijah.smith48@example.com,GVTMFWA7VP4VEYSNZHED7HMSVJD3WQJBFN3RMKDOA56NOQDYO7FISGEG,5,No issues with the mainnet rollout.
Emily Wilson,emily.wilson12@example.com,GH33OADLIB437GCZ7S626PGKNN2GR7JUGDLKCKHRIF2KW4NDNFI4KQXO,5,Saved me so much time with automated payouts.
Mason Lopez,mason.lopez49@example.com,GOGNV7BFO67IWXASF6DYCIZSN4JDZ75ORH4NCB67F6SJ3JETSJIHRJNL,5,Connected my Freighter wallet easily.
Alexander Anderson,alexander.anderson15@example.com,GC2CUQJL7JUT4FJ36TFHI27FFD3EBPSDL3VHWIE4T4WGCHUSUGHYR5K6,5,So glad this is on mainnet now.
Charlotte Rodriguez,charlotte.rodriguez54@example.com,GS52EZKPBN6DXEXMWIHS357PXIJISR5ZHUMBBLA6WVTHBQIDY3RLLUHK,5,Connected my Freighter wallet easily.
Jacob Perez,jacob.perez86@example.com,G2AVXKH6LQBAJOYT4DXI6EMRXVDWVZV2DCRESFO4L5SPVS2CYYLRQVKY,4,Looking forward to more advanced workflow nodes.
Sophia Davis,sophia.davis50@example.com,GATMIE2VQSGHMKEJADDRLK2KUAYRNCSZYSPQ7BO254VW62DOQTJXYKCM,4,"The UI is cleaner now, good job."
Michael Perez,michael.perez87@example.com,GSENJRMVVH7HKNWBJC5XDKP5VBZ3RY52B65PUZKQOCINYMZO4IOIDELO,4,Really like the metrics dashboard.
